first,second,third
主题标签,历史文化,南宋御街
主题标签,历史文化,德寿宫遗址
主题标签,历史文化,凤山水城门
主题标签,历史文化,胡庆余堂
主题标签,历史文化,岳王庙
主题标签,名人故居,郁达夫故居
主题标签,名人故居,章太炎故居
主题标签,名人故居,苏东坡纪念馆
主题标签,名人故居,龚自珍故居
主题标签,民俗文化,小河直街
主题标签,民俗文化,塘栖古镇
主题标签,现代建筑,杭州国际会展中心
主题标签,现代建筑,杭州奥体中心
主题标签,现代建筑,来福士中心
主题标签,溜娃路线,少年宫
主题标签,溜娃路线,博物院
主题标签,溜娃路线,动物园
主题标签,溜娃路线,水族馆
主题标签,溜娃路线,美术馆
主题标签,自然景观,西湖
主题标签,自然景观,西溪湿地
主题标签,自然景观,千岛湖
主题标签,自然景观,莫干山
主题标签,夜景与夜市,夜宵
主题标签,夜景与夜市,夜景
主题标签,夜景与夜市,夜市
主题标签,夜景与夜市,灯光秀
主题标签,宗教文化,灵隐寺
主题标签,宗教文化,法喜寺
主题标签,宗教文化,净慈寺
主题标签,宗教文化,抱朴道院
场景标签,Citywalk路线,徒步路线
场景标签,Citywalk路线,一日游路线
场景标签,Citywalk路线,文化探索路线
场景标签,Citywalk路线,城市漫游路线
场景标签,打卡地点,小众打卡
场景标签,打卡地点,必打卡
场景标签,打卡地点,拍照打卡
场景标签,打卡地点,网红打卡
场景标签,打卡地点,情侣打卡
场景标签,文化体验场所,传统技艺
场景标签,文化体验场所,并俗文化
场景标签,文化体验场所,艺术文化
场景标签,文化体验场所,历史文化
场景标签,户外自然场景,山林徒步
场景标签,户外自然场景,滨水
场景标签,户外自然场景,露营
场景标签,户外自然场景,郊游
场景标签,户外自然场景,自然景观
场景标签,宗教场所,寺院
场景标签,宗教场所,道观
场景标签,宗教场所,教堂
场景标签,宗教场所,清真寺
场景标签,创意园区,艺术创意
场景标签,创意园区,文化创意
场景标签,创意园区,科技创意
场景标签,创意园区,时尚创意
场景标签,创意园区,创意园
场景标签,运动健身场所,健身房
场景标签,运动健身场所,游泳馆
场景标签,运动健身场所,羽毛球馆
场景标签,运动健身场所,乒乓球馆
场景标签,运动健身场所,瑜伽馆
场景标签,运动健身场所,舞蹈室
场景标签,运动健身场所,登山步道
场景标签,运动健身场所,骑行绿道
场景标签,运动健身场所,篮球场
场景标签,运动健身场所,足球场
场景标签,运动健身场所,台球
场景标签,运动健身场所,保龄球
受众标签,亲子家庭,亲子
受众标签,亲子家庭,儿童
受众标签,亲子家庭,全家一起
受众标签,老年群体,老年
受众标签,老年群体,休闲
受众标签,老年群体,康养
受众标签,老年群体,慢节奏
受众标签,商务人士,会议
受众标签,商务人士,会展
受众标签,商务人士,高端商务
受众标签,宠物爱好者,狗
受众标签,宠物爱好者,猫
受众标签,宠物爱好者,宠物活动
受众标签,情侣,约会
受众标签,情侣,情侣
受众标签,情侣,甜蜜
受众标签,情侣,浪漫
受众标签,学生党,校园
受众标签,学生党,青春
受众标签,学生党,学生
受众标签,游客,纪念品
受众标签,游客,经典
受众标签,游客,热门
受众标签,游客,攻略
特殊兴趣标签,美食探索,美食
特殊兴趣标签,美食探索,餐厅
特殊兴趣标签,美食探索,小吃
特殊兴趣标签,美食探索,美味
特殊兴趣标签,美食探索,吃喝
特殊兴趣标签,拍照打卡,摄影
特殊兴趣标签,拍照打卡,机位
特殊兴趣标签,拍照打卡,拍照
特殊兴趣标签,拍照打卡,打卡
特殊兴趣标签,休闲娱乐,放松
特殊兴趣标签,休闲娱乐,娱乐
特殊兴趣标签,休闲娱乐,聚会
特殊兴趣标签,休闲娱乐,社交
特殊兴趣标签,购物消费,购物中心
特殊兴趣标签,购物消费,特色街区
特殊兴趣标签,购物消费,品牌
特殊兴趣标签,购物消费,特产
特殊兴趣标签,徒步,徒步
特殊兴趣标签,徒步,户外
特殊兴趣标签,音乐爱好,演出
特殊兴趣标签,音乐爱好,工作室
特殊兴趣标签,音乐爱好,音乐节
特殊兴趣标签,音乐爱好,演唱会
特殊兴趣标签,音乐爱好,live house
时间标签,四季,春
时间标签,四季,夏
时间标签,四季,秋
时间标签,四季,冬
时间标签,日间,日间
时间标签,日间,上午
时间标签,日间,白天
时间标签,日间,下午
时间标签,夜间,夜间
时间标签,夜间,夜晚
时间标签,夜间,夜景
时间标签,夜间,夜市
时间标签,夜间,半夜
时间标签,全天,24小时
时间标签,全天,全天候
时间标签,全天,全天开放
时间标签,节日,春节
时间标签,节日,国庆
时间标签,节日,中秋
时间标签,节日,端午
时间标签,周末,周六
时间标签,周末,周日
时间标签,周末,周末
时间标签,寒暑假,暑假
时间标签,寒暑假,寒假
时间标签,寒暑假,假期
